,Character,Label,Title_score,Title_score_div,Title_in_name,Adj_score,Adj_score_div,Pron_score,Pron_score_div,Mention_count,Book_length,Span,Interaction_count,Char_count
0,Candide,m,-1.0,-0.00478468899522,0.0,0.0,0.0,-54.0,-0.258373205742,209.0,1542.0,171.0,130.0,11.0
1,Cunégonde,f,16.0,0.280701754386,0.0,0.0,0.0,3.0,0.0526315789474,57.0,1542.0,772.0,61.0,11.0
2,Martin,m,-3.0,-0.0545454545455,0.0,0.0,0.0,0.0,0.0,55.0,1542.0,385.0,43.0,11.0
3,Pangloss,m,0.0,0.0,0.0,-3.0,-0.0612244897959,-6.0,-0.122448979592,49.0,1542.0,772.0,39.0,11.0
4,Cacambo,m,0.0,0.0,0.0,0.0,0.0,0.0,0.0,43.0,1542.0,257.0,37.0,11.0
5,Issachar,m,0.0,0.0,0.0,3.0,0.375,0.0,0.0,8.0,1542.0,124.0,1.0,11.0
6,Oreillons,m,0.0,0.0,0.0,0.0,0.0,0.0,0.0,5.0,1542.0,22.0,3.0,11.0
7,Jacques,m,0.0,0.0,0.0,0.0,0.0,0.0,0.0,4.0,1542.0,3.0,4.0,11.0
8,Giroflée,m,0.0,0.0,0.0,0.0,0.0,0.0,0.0,3.0,1542.0,302.0,4.0,11.0
