,Character,Label,Title_score,Title_score_div,Title_in_name,Adj_score,Adj_score_div,Pron_score,Pron_score_div,Mention_count,Book_length,Span,Interaction_count,Char_count
0,Candide,m,-1.0,-0.00294985250737,0.0,-6.0,-0.0176991150442,-9.0,-0.0265486725664,339.0,1542.0,171.0,130.0,11.0
1,Cunégonde,f,39.0,0.330508474576,0.0,-6.0,-0.0508474576271,-3.0,-0.0254237288136,118.0,1542.0,1285.0,61.0,11.0
2,Martin,m,-3.0,-0.030612244898,0.0,0.0,0.0,0.0,0.0,98.0,1542.0,7.0,43.0,11.0
3,Pangloss,m,0.0,0.0,0.0,-6.0,-0.0681818181818,-6.0,-0.0681818181818,88.0,1542.0,508.0,39.0,11.0
4,Cacambo,m,0.0,0.0,0.0,0.0,0.0,0.0,0.0,80.0,1542.0,257.0,37.0,11.0
5,Issachar,m,0.0,0.0,0.0,3.0,0.333333333333,-3.0,-0.333333333333,9.0,1542.0,156.0,1.0,11.0
6,Oreillons,m,0.0,0.0,0.0,-2.0,-0.25,-2.0,-0.25,8.0,1542.0,6.0,3.0,11.0
7,Jacques,m,0.0,0.0,0.0,-1.0,-0.125,-2.0,-0.25,8.0,1542.0,6.0,4.0,11.0
8,Giroflée,m,0.0,0.0,0.0,0.0,0.0,0.0,0.0,7.0,1542.0,313.0,4.0,11.0
